<?xml version="1.0"?>
<doc>
    <assembly>
        <name>MoneyHeist.GameRenderer</name>
    </assembly>
    <members>
        <member name="T:GameRenderer.MoneyheistGameRenderer">
            <summary>
            Gamerenderer class.
            </summary>
        </member>
        <member name="F:GameRenderer.MoneyheistGameRenderer.brushes">
            <summary>
            mybrushes.
            </summary>
        </member>
        <member name="M:GameRenderer.MoneyheistGameRenderer.#ctor(MoneyHeist.Model.IGameModel)">
            <summary>
            Initializes a new instance of the <see cref="T:GameRenderer.MoneyheistGameRenderer"/> class.
            </summary>
            <param name="model">model.</param>
        </member>
        <member name="M:GameRenderer.MoneyheistGameRenderer.BuildDrawing">
            <summary>
            Adding brushes.
            </summary>
            <returns>drawingroup.</returns>
        </member>
        <member name="M:GameRenderer.MoneyheistGameRenderer.GetBrush(System.String)">
            <summary>
            Initialize bitmapimages.
            </summary>
            <param name="fname">filename.</param>
            <returns>brushes.</returns>
        </member>
    </members>
</doc>
