<?xml version="1.0"?>
<doc>
    <assembly>
        <name>MoneyHeist.Logic</name>
    </assembly>
    <members>
        <member name="T:MoneyHeist.Logic.Interfaces.IGameLogic`2">
            <summary>
            IGamelogic interface.
            </summary>
            <typeparam name="T"> T.</typeparam>
            <typeparam name="TK"> K.</typeparam>
        </member>
        <member name="M:MoneyHeist.Logic.Interfaces.IGameLogic`2.MovePlayer(`0)">
            <summary>
            Moveplayer method.
            </summary>
            <param name="d"> d.</param>
            <returns>T.</returns>
        </member>
        <member name="M:MoneyHeist.Logic.Interfaces.IGameLogic`2.MoveEnemy">
            <summary>
            Move enemy method.
            </summary>
        </member>
        <member name="M:MoneyHeist.Logic.Interfaces.IGameLogic`2.PlayerShoot(`0)">
            <summary>
            Player shoot method.
            </summary>
            <param name="d"> d.</param>
        </member>
        <member name="M:MoneyHeist.Logic.Interfaces.IGameLogic`2.EnemyShoot">
            <summary>
            Enemy shoot method.
            </summary>
        </member>
        <member name="M:MoneyHeist.Logic.Interfaces.IGameLogic`2.GameEnd">
            <summary>
            Game is end?.
            </summary>
            <returns> true or false.</returns>
        </member>
        <member name="M:MoneyHeist.Logic.Interfaces.IGameLogic`2.ProfessorEvent">
            <summary>
            Professor event.
            </summary>
        </member>
        <member name="M:MoneyHeist.Logic.Interfaces.IGameLogic`2.IsAmmoPicked">
            <summary>
            Is ammo picked method.
            </summary>
            <returns> ispicked..</returns>
        </member>
        <member name="M:MoneyHeist.Logic.Interfaces.IGameLogic`2.IsGoldPicked">
            <summary>
            Is gold picked method.
            </summary>
            <returns> ispicked.</returns>
        </member>
        <member name="M:MoneyHeist.Logic.Interfaces.IGameLogic`2.IsMoneyPicked">
            <summary>
            Is money picked method.
            </summary>
            <returns>ispicked.</returns>
        </member>
        <member name="M:MoneyHeist.Logic.Interfaces.IGameLogic`2.IsHealthPicked">
            <summary>
            Is health picked method.
            </summary>
            <returns>ispicked.</returns>
        </member>
        <member name="T:MoneyHeist.Logic.Interfaces.IRepoLogic">
            <summary>
            Login logic.
            </summary>
        </member>
        <member name="M:MoneyHeist.Logic.Interfaces.IRepoLogic.LoadGameModel(System.String)">
            <summary>
            Loads the game.
            </summary>
            <param name="fileName">The saved file name.</param>
            <returns>Gamemodel.</returns>
        </member>
        <member name="M:MoneyHeist.Logic.Interfaces.IRepoLogic.SaveGameModel(MoneyHeist.Model.IGameModel,System.String)">
            <summary>
            Saves the game model.
            </summary>
            <param name="model">Gamemodel to save.</param>
            <param name="text">Filename.</param>
        </member>
        <member name="M:MoneyHeist.Logic.Interfaces.IRepoLogic.SaveHighScore(MoneyHeist.Model.IGameModel,System.String)">
            <summary>
            Saves the highscore.
            </summary>
            <param name="model">Gamemodel.</param>
            <param name="text">Filename.</param>
        </member>
        <member name="M:MoneyHeist.Logic.Interfaces.IRepoLogic.LoadHighScores">
            <summary>
            Loads the highscore.
            </summary>
            <returns>List of saved games.</returns>
        </member>
        <member name="T:MoneyHeist.Logic.Direction">
            <summary>
            Directions.
            </summary>
        </member>
        <member name="F:MoneyHeist.Logic.Direction.Left">
            <summary>
            Left.
            </summary>
        </member>
        <member name="F:MoneyHeist.Logic.Direction.Right">
            <summary>
            Right.
            </summary>
        </member>
        <member name="F:MoneyHeist.Logic.Direction.Up">
            <summary>
            Up.
            </summary>
        </member>
        <member name="F:MoneyHeist.Logic.Direction.Down">
            <summary>
            Down.
            </summary>
        </member>
        <member name="F:MoneyHeist.Logic.Direction.Nothing">
            <summary>
            Nothing.
            </summary>
        </member>
        <member name="T:MoneyHeist.Logic.MoneyHeistLogic">
            <summary>
            Main logic class.
            </summary>
        </member>
        <member name="F:MoneyHeist.Logic.MoneyHeistLogic.model">
            <summary>
            Model param.
            </summary>
        </member>
        <member name="F:MoneyHeist.Logic.MoneyHeistLogic.goldTimer">
            <summary>
            Timer for gold.
            </summary>
        </member>
        <member name="M:MoneyHeist.Logic.MoneyHeistLogic.#ctor(MoneyHeist.Model.IGameModel)">
            <summary>
            Initializes a new instance of the <see cref="T:MoneyHeist.Logic.MoneyHeistLogic"/> class.
            </summary>
            <param name="model">gamemodel.</param>
        </member>
        <member name="M:MoneyHeist.Logic.MoneyHeistLogic.GameEnd">
            <summary>
            Game is ended logic.
            </summary>
            <returns>gameisend.</returns>
        </member>
        <member name="M:MoneyHeist.Logic.MoneyHeistLogic.MoveEnemy">
            <summary>
            Enemy moving logic.
            </summary>
        </member>
        <member name="M:MoneyHeist.Logic.MoneyHeistLogic.MovePlayer(MoneyHeist.Logic.Direction)">
            <summary>
            Player moving logic.
            </summary>
            <param name="d">direction.</param>
            <returns>Direction.</returns>
        </member>
        <member name="M:MoneyHeist.Logic.MoneyHeistLogic.EnemyShoot">
            <summary>
            Enemy shooting logic.
            </summary>
        </member>
        <member name="M:MoneyHeist.Logic.MoneyHeistLogic.PlayerShoot(MoneyHeist.Logic.Direction)">
            <summary>
            Player shooting logic.
            </summary>
            <param name="d">direction.</param>
        </member>
        <member name="M:MoneyHeist.Logic.MoneyHeistLogic.PoliceBulletMove">
            <summary>
            Moves the police bullets.
            </summary>
        </member>
        <member name="M:MoneyHeist.Logic.MoneyHeistLogic.BulletMove">
            <summary>
            Moves the bullets.
            </summary>
        </member>
        <member name="M:MoneyHeist.Logic.MoneyHeistLogic.PlayerGetsShot">
            <summary>
            Player damage logic.
            </summary>
        </member>
        <member name="M:MoneyHeist.Logic.MoneyHeistLogic.PoliceGetsShot">
            <summary>
            Police damage logic.
            </summary>
        </member>
        <member name="M:MoneyHeist.Logic.MoneyHeistLogic.PoliceDeath">
            <summary>
            Add or remove Police.
            </summary>
        </member>
        <member name="M:MoneyHeist.Logic.MoneyHeistLogic.PoliceSpawn">
            <summary>
            Spawn the polices.
            </summary>
        </member>
        <member name="M:MoneyHeist.Logic.MoneyHeistLogic.IsAmmoPicked">
            <summary>
            Ammo picking logic.
            </summary>
            <returns>ispicked.</returns>
        </member>
        <member name="M:MoneyHeist.Logic.MoneyHeistLogic.AmmoMaker">
            <summary>
            Creates ammos.
            </summary>
        </member>
        <member name="M:MoneyHeist.Logic.MoneyHeistLogic.IsGoldPicked">
            <summary>
            Gold picking logic.
            </summary>
            <returns>ispicked.</returns>
        </member>
        <member name="M:MoneyHeist.Logic.MoneyHeistLogic.GoldMaker">
            <summary>
            Gold maker logic.
            </summary>
        </member>
        <member name="M:MoneyHeist.Logic.MoneyHeistLogic.IsMoneyPicked">
            <summary>
            Money picking logic.
            </summary>
            <returns>ispicked.</returns>
        </member>
        <member name="M:MoneyHeist.Logic.MoneyHeistLogic.EuroMaker">
            <summary>
            Creates moneys.
            </summary>
        </member>
        <member name="M:MoneyHeist.Logic.MoneyHeistLogic.IsHealthPicked">
            <summary>
            Health picking logic.
            </summary>
            <returns>ispicked.</returns>
        </member>
        <member name="M:MoneyHeist.Logic.MoneyHeistLogic.HealthBoxMaker">
            <summary>
            Creates healths.
            </summary>
        </member>
        <member name="M:MoneyHeist.Logic.MoneyHeistLogic.ProfessorEvent">
            <summary>
            Professor event logic.
            </summary>
        </member>
        <member name="T:MoneyHeist.Logic.RepoLogic">
            <summary>
            Repologic.
            </summary>
        </member>
        <member name="M:MoneyHeist.Logic.RepoLogic.#ctor">
            <summary>
            Initializes a new instance of the <see cref="T:MoneyHeist.Logic.RepoLogic"/> class.
            </summary>
        </member>
        <member name="M:MoneyHeist.Logic.RepoLogic.#ctor(MoneyHeist.Repository.IRepository{MoneyHeist.Model.IGameModel,MoneyHeist.Model.SavedGame})">
            <summary>
            Initializes a new instance of the <see cref="T:MoneyHeist.Logic.RepoLogic"/> class.
            </summary>
            <param name="repo">Repository.</param>
        </member>
        <member name="M:MoneyHeist.Logic.RepoLogic.LoadGameModel(System.String)">
            <summary>
            Loads the game.
            </summary>
            <param name="fileName">Filename.</param>
            <returns>Selected game model.</returns>
        </member>
        <member name="M:MoneyHeist.Logic.RepoLogic.LoadHighScores">
            <summary>
            Loads the highscore.
            </summary>
            <returns>List of highscores.</returns>
        </member>
        <member name="M:MoneyHeist.Logic.RepoLogic.SaveGameModel(MoneyHeist.Model.IGameModel,System.String)">
            <summary>
            Saves the game model.
            </summary>
            <param name="model">Current model.</param>
            <param name="text">Saved filename.</param>
        </member>
        <member name="M:MoneyHeist.Logic.RepoLogic.SaveHighScore(MoneyHeist.Model.IGameModel,System.String)">
            <summary>
            Saves the highscore.
            </summary>
            <param name="model">Current model.</param>
            <param name="text">Saved filename.</param>
        </member>
    </members>
</doc>
