<?xml version="1.0"?>
<doc>
    <assembly>
        <name>MoneyHeist.Repository</name>
    </assembly>
    <members>
        <member name="T:MoneyHeist.Repository.IRepository`2">
            <summary>
            IRepository interface.
            </summary>
            <typeparam name="TGameModel">Gamemodel.</typeparam>
            <typeparam name="THighScore">Highscore.</typeparam>
        </member>
        <member name="M:MoneyHeist.Repository.IRepository`2.LoadGame(System.String)">
            <summary>
            Loads the game.
            </summary>
            <param name="filename">filename.</param>
            <returns>Gamemodel.</returns>
        </member>
        <member name="M:MoneyHeist.Repository.IRepository`2.SaveGame(`0,System.String)">
            <summary>
            Save the game.
            </summary>
            <param name="game">Gamemodel.</param>
            <param name="filename">Filename.</param>
        </member>
        <member name="M:MoneyHeist.Repository.IRepository`2.LoadHighScore">
            <summary>
            List of highscores.
            </summary>
            <returns>Highscores.</returns>
        </member>
        <member name="M:MoneyHeist.Repository.IRepository`2.SaveHighScore(`1)">
            <summary>
            Save the highscore.
            </summary>
            <param name="highscore">highscore.</param>
        </member>
        <member name="T:MoneyHeist.Repository.MoneyHeistRepository">
            <summary>
            Implementation of IRepository.
            </summary>
        </member>
        <member name="M:MoneyHeist.Repository.MoneyHeistRepository.LoadGame(System.String)">
            <summary>
            Loads the game.
            </summary>
            <param name="filename">Name of the game.</param>
            <returns>Game model object.</returns>
        </member>
        <member name="M:MoneyHeist.Repository.MoneyHeistRepository.LoadHighScore">
            <summary>
            Loads a list of highscores.
            </summary>
            <returns>List of saved scores.</returns>
        </member>
        <member name="M:MoneyHeist.Repository.MoneyHeistRepository.SaveGame(MoneyHeist.Model.IGameModel,System.String)">
            <summary>
            Saves the game.
            </summary>
            <param name="game">gamemodel.</param>
            <param name="filename">name of file.</param>
        </member>
        <member name="M:MoneyHeist.Repository.MoneyHeistRepository.SaveHighScore(MoneyHeist.Model.SavedGame)">
            <summary>
            Saves the highscore.
            </summary>
            <param name="highscore">Highscore to save.</param>
        </member>
    </members>
</doc>
