<?xml version="1.0" encoding="UTF-8"?>
<project-private xmlns="http://www.netbeans.org/ns/project-private/1">
    <editor-bookmarks xmlns="http://www.netbeans.org/ns/editor-bookmarks/2" lastBookmarkId="0"/>
    <open-files xmlns="http://www.netbeans.org/ns/projectui-open-files/2">
        <group>
            <file>file:/C:/Users/Patai%20Péter/Documents/oenik_prog3_2020_1_eakc9d/JAVA/oenik_prog3_2020_1_eakc9d/src/java/servlet/PhoneDataFields.java</file>
            <file>file:/C:/Users/Patai%20Péter/Documents/oenik_prog3_2020_1_eakc9d/JAVA/oenik_prog3_2020_1_eakc9d/web/index.html</file>
            <file>file:/C:/Users/Patai%20Péter/Documents/oenik_prog3_2020_1_eakc9d/JAVA/oenik_prog3_2020_1_eakc9d/src/java/servlet/PhoneServlet.java</file>
        </group>
    </open-files>
</project-private>
