<?xml version="1.0"?>
<doc>
    <assembly>
        <name>MoneyHeist</name>
    </assembly>
    <members>
        <member name="T:MoneyHeist.App">
            <summary>
            Interaction logic for App.xaml.
            </summary>
            <summary>
            App
            </summary>
        </member>
        <member name="M:MoneyHeist.App.InitializeComponent">
            <summary>
            InitializeComponent
            </summary>
        </member>
        <member name="M:MoneyHeist.App.Main">
            <summary>
            Application Entry Point.
            </summary>
        </member>
        <member name="T:MoneyHeist.MainWindow">
            <summary>
            Interaction logic for MainWindow.xaml.
            </summary>
            <summary>
            MainWindow
            </summary>
        </member>
        <member name="M:MoneyHeist.MainWindow.#ctor">
            <summary>
            Initializes a new instance of the <see cref="T:MoneyHeist.MainWindow"/> class.
            </summary>
        </member>
        <member name="M:MoneyHeist.MainWindow.#ctor(MoneyHeist.Model.IGameModel)">
            <summary>
            Initializes a new instance of the <see cref="T:MoneyHeist.MainWindow"/> class.
            </summary>
            <param name="model">Gamemodel.</param>
        </member>
        <member name="M:MoneyHeist.MainWindow.InitializeComponent">
            <summary>
            InitializeComponent
            </summary>
        </member>
        <member name="T:MoneyHeist.MoneyHeistControl">
            <summary>
            Control class.
            </summary>
        </member>
        <member name="M:MoneyHeist.MoneyHeistControl.#ctor(MoneyHeist.Model.IGameModel)">
            <summary>
            Initializes a new instance of the <see cref="T:MoneyHeist.MoneyHeistControl"/> class.
            </summary>
            <param name="model">Gamemodel.</param>
        </member>
        <member name="M:MoneyHeist.MoneyHeistControl.#ctor">
            <summary>
            Initializes a new instance of the <see cref="T:MoneyHeist.MoneyHeistControl"/> class.
            </summary>
        </member>
        <member name="M:MoneyHeist.MoneyHeistControl.OnRender(System.Windows.Media.DrawingContext)">
            <summary>
            Onrender method.
            </summary>
            <param name="drawingContext">drawingcontext.</param>
        </member>
        <member name="T:MoneyHeist.Pages.HighScores">
            <summary>
            Interaction logic for HighScores.xaml.
            </summary>
            <summary>
            HighScores
            </summary>
        </member>
        <member name="M:MoneyHeist.Pages.HighScores.#ctor">
            <summary>
            Initializes a new instance of the <see cref="T:MoneyHeist.Pages.HighScores"/> class.
            </summary>
        </member>
        <member name="M:MoneyHeist.Pages.HighScores.InitializeComponent">
            <summary>
            InitializeComponent
            </summary>
        </member>
        <member name="T:MoneyHeist.Pages.LoadGame">
            <summary>
            Interaction logic for LoadGame.xaml.
            </summary>
            <summary>
            LoadGame
            </summary>
        </member>
        <member name="M:MoneyHeist.Pages.LoadGame.#ctor">
            <summary>
            Initializes a new instance of the <see cref="T:MoneyHeist.Pages.LoadGame"/> class.
            </summary>
        </member>
        <member name="M:MoneyHeist.Pages.LoadGame.InitializeComponent">
            <summary>
            InitializeComponent
            </summary>
        </member>
        <member name="T:MoneyHeist.Pages.MainMenu">
            <summary>
            Interaction logic for MainMenu.xaml.
            </summary>
            <summary>
            MainMenu
            </summary>
        </member>
        <member name="M:MoneyHeist.Pages.MainMenu.#ctor">
            <summary>
            Initializes a new instance of the <see cref="T:MoneyHeist.Pages.MainMenu"/> class.
            </summary>
        </member>
        <member name="M:MoneyHeist.Pages.MainMenu.InitializeComponent">
            <summary>
            InitializeComponent
            </summary>
        </member>
        <member name="T:MoneyHeist.SaveGame">
            <summary>
            Interaction logic for SaveGame.xaml.
            </summary>
            <summary>
            SaveGame
            </summary>
        </member>
        <member name="M:MoneyHeist.SaveGame.#ctor(MoneyHeist.Model.IGameModel)">
            <summary>
            Initializes a new instance of the <see cref="T:MoneyHeist.SaveGame"/> class.
            </summary>
            <param name="model">Gamemodel.</param>
        </member>
        <member name="M:MoneyHeist.SaveGame.InitializeComponent">
            <summary>
            InitializeComponent
            </summary>
        </member>
        <member name="T:XamlGeneratedNamespace.GeneratedInternalTypeHelper">
            <summary>
            GeneratedInternalTypeHelper
            </summary>
        </member>
        <member name="M:XamlGeneratedNamespace.GeneratedInternalTypeHelper.CreateInstance(System.Type,System.Globalization.CultureInfo)">
            <summary>
            CreateInstance
            </summary>
        </member>
        <member name="M:XamlGeneratedNamespace.GeneratedInternalTypeHelper.GetPropertyValue(System.Reflection.PropertyInfo,System.Object,System.Globalization.CultureInfo)">
            <summary>
            GetPropertyValue
            </summary>
        </member>
        <member name="M:XamlGeneratedNamespace.GeneratedInternalTypeHelper.SetPropertyValue(System.Reflection.PropertyInfo,System.Object,System.Object,System.Globalization.CultureInfo)">
            <summary>
            SetPropertyValue
            </summary>
        </member>
        <member name="M:XamlGeneratedNamespace.GeneratedInternalTypeHelper.CreateDelegate(System.Type,System.Object,System.String)">
            <summary>
            CreateDelegate
            </summary>
        </member>
        <member name="M:XamlGeneratedNamespace.GeneratedInternalTypeHelper.AddEventHandler(System.Reflection.EventInfo,System.Object,System.Delegate)">
            <summary>
            AddEventHandler
            </summary>
        </member>
    </members>
</doc>
