<?xml version="1.0"?>
<doc>
    <assembly>
        <name>MoneyHeist.Model</name>
    </assembly>
    <members>
        <member name="T:MoneyHeist.Model.Character">
            <summary>
            Character class.
            </summary>
        </member>
        <member name="P:MoneyHeist.Model.Character.Area">
            <summary>
            Gets area.
            </summary>
        </member>
        <member name="P:MoneyHeist.Model.Character.Dx">
            <summary>
            Gets or sets Dx coordinate.
            </summary>
        </member>
        <member name="P:MoneyHeist.Model.Character.Dy">
            <summary>
            Gets or sets Dy coordinate.
            </summary>
        </member>
        <member name="M:MoneyHeist.Model.Character.#ctor(System.Double,System.Double,System.Double,System.Double)">
            <summary>
            Initializes a new instance of the <see cref="T:MoneyHeist.Model.Character"/> class.
            </summary>
            <param name="x">x.</param>
            <param name="y">y.</param>
            <param name="w">width.</param>
            <param name="h">height.</param>
        </member>
        <member name="M:MoneyHeist.Model.Character.ChangeX(System.Double)">
            <summary>
            Change x.
            </summary>
            <param name="diff">difference.</param>
        </member>
        <member name="M:MoneyHeist.Model.Character.ChangeY(System.Double)">
            <summary>
            Change y.
            </summary>
            <param name="diff">difference.</param>
        </member>
        <member name="T:MoneyHeist.Model.Config">
            <summary>
            Config class.
            </summary>
        </member>
        <member name="P:MoneyHeist.Model.Config.Speed">
            <summary>
            Gets or sets Speed.
            </summary>
        </member>
        <member name="P:MoneyHeist.Model.Config.PoliceSpeed">
            <summary>
            Gets or sets PoliceSpeed.
            </summary>
        </member>
        <member name="P:MoneyHeist.Model.Config.PoliceShootingDamage">
            <summary>
            Gets or sets PoliceShootingDamage.
            </summary>
        </member>
        <member name="P:MoneyHeist.Model.Config.PoliceHitDamage">
            <summary>
            Gets or sets PoliceHitDamage.
            </summary>
        </member>
        <member name="P:MoneyHeist.Model.Config.AmmoPickingValue">
            <summary>
            Gets or sets AmmoPickingValue.
            </summary>
        </member>
        <member name="P:MoneyHeist.Model.Config.GoldPickingValue">
            <summary>
            Gets or sets GoldPickingValue.
            </summary>
        </member>
        <member name="P:MoneyHeist.Model.Config.EuroPickingValue">
            <summary>
            Gets or sets EuroPickingValue.
            </summary>
        </member>
        <member name="P:MoneyHeist.Model.Config.HealthPickingUp">
            <summary>
            Gets or sets HealthPickingUp.
            </summary>
        </member>
        <member name="P:MoneyHeist.Model.Config.Height">
            <summary>
            Gets or sets Height.
            </summary>
        </member>
        <member name="P:MoneyHeist.Model.Config.BulletSpeed">
            <summary>
             Gets or sets BulletSpeed.
            </summary>
        </member>
        <member name="P:MoneyHeist.Model.Config.Width">
            <summary>
            Gets or sets Width.
            </summary>
        </member>
        <member name="P:MoneyHeist.Model.Config.PoliceBulletSpeed">
            <summary>
            Gets or sets policeBulletSpeed.
            </summary>
        </member>
        <member name="T:MoneyHeist.Model.GameModel">
            <summary>
            Gamemodel class.
            </summary>
        </member>
        <member name="P:MoneyHeist.Model.GameModel.SumHealth">
            <summary>
            Gets or sets sumHealth.
            </summary>
        </member>
        <member name="P:MoneyHeist.Model.GameModel.SumAmmo">
            <summary>
            Gets or sets sumAmmo.
            </summary>
        </member>
        <member name="P:MoneyHeist.Model.GameModel.SumMoney">
            <summary>
            Gets or sets sumMoney.
            </summary>
        </member>
        <member name="P:MoneyHeist.Model.GameModel.Time">
            <summary>
            Gets or sets game time.
            </summary>
        </member>
        <member name="P:MoneyHeist.Model.GameModel.Wall">
            <summary>
            Gets or sets Wall.
            </summary>
        </member>
        <member name="P:MoneyHeist.Model.GameModel.Euro">
            <summary>
            Gets or sets Euro.
            </summary>
        </member>
        <member name="P:MoneyHeist.Model.GameModel.Gold">
            <summary>
            Gets or sets Gold..
            </summary>
        </member>
        <member name="P:MoneyHeist.Model.GameModel.Ammo">
            <summary>
            Gets or sets Ammo..
            </summary>
        </member>
        <member name="P:MoneyHeist.Model.GameModel.HealthBar">
            <summary>
            Gets or sets HealthBar.
            </summary>
        </member>
        <member name="P:MoneyHeist.Model.GameModel.Player">
            <summary>
            Gets or sets Player.
            </summary>
        </member>
        <member name="P:MoneyHeist.Model.GameModel.PoliceOfficer">
            <summary>
            Gets or sets PoliceOfficer.
            </summary>
        </member>
        <member name="P:MoneyHeist.Model.GameModel.Bullet">
            <summary>
            Gets or sets Bullet.
            </summary>
        </member>
        <member name="P:MoneyHeist.Model.GameModel.Professor">
            <summary>
            Gets or sets Professor.
            </summary>
        </member>
        <member name="P:MoneyHeist.Model.GameModel.Width">
            <summary>
            Gets or sets Width.
            </summary>
        </member>
        <member name="P:MoneyHeist.Model.GameModel.Height">
            <summary>
            Gets or sets Height.
            </summary>
        </member>
        <member name="P:MoneyHeist.Model.GameModel.Bullets">
            <summary>
            Gets Bullets.
            </summary>
        </member>
        <member name="P:MoneyHeist.Model.GameModel.PoliceBullets">
            <summary>
            Gets PoliceBullets.
            </summary>
        </member>
        <member name="P:MoneyHeist.Model.GameModel.Polices">
            <summary>
            Gets Polices.
            </summary>
        </member>
        <member name="P:MoneyHeist.Model.GameModel.Walls">
            <summary>
            Gets Walls.
            </summary>
        </member>
        <member name="M:MoneyHeist.Model.GameModel.#ctor">
            <summary>
            Initializes a new instance of the <see cref="T:MoneyHeist.Model.GameModel"/> class.
            </summary>
        </member>
        <member name="M:MoneyHeist.Model.GameModel.BulletMaker(System.Double,System.Double)">
            <summary>
            Makes bullet.
            </summary>
            <param name="x">x.</param>
            <param name="y">y.</param>
            <returns>bullet.</returns>
        </member>
        <member name="M:MoneyHeist.Model.GameModel.PoliceMaker">
            <summary>
            Makes police.
            </summary>
            <returns>policeofficer.</returns>
        </member>
        <member name="M:MoneyHeist.Model.GameModel.ProfessorMaker">
            <summary>
            Makes professor.
            </summary>
        </member>
        <member name="T:MoneyHeist.Model.IGameModel">
            <summary>
            IGameModel interface.
            </summary>
        </member>
        <member name="P:MoneyHeist.Model.IGameModel.Wall">
            <summary>
            Gets or sets Wall.
            </summary>
        </member>
        <member name="P:MoneyHeist.Model.IGameModel.Player">
            <summary>
            Gets or sets Player..
            </summary>
        </member>
        <member name="P:MoneyHeist.Model.IGameModel.PoliceOfficer">
            <summary>
            Gets or sets PoliceOfficer.
            </summary>
        </member>
        <member name="P:MoneyHeist.Model.IGameModel.Euro">
            <summary>
            Gets or sets Euro..
            </summary>
        </member>
        <member name="P:MoneyHeist.Model.IGameModel.Gold">
            <summary>
            Gets or sets Gold..
            </summary>
        </member>
        <member name="P:MoneyHeist.Model.IGameModel.Ammo">
            <summary>
            Gets or sets Ammo.
            </summary>
        </member>
        <member name="P:MoneyHeist.Model.IGameModel.HealthBar">
            <summary>
            Gets or sets HealthBar.
            </summary>
        </member>
        <member name="P:MoneyHeist.Model.IGameModel.Bullet">
            <summary>
            Gets or sets Bullet..
            </summary>
        </member>
        <member name="P:MoneyHeist.Model.IGameModel.Bullets">
            <summary>
            Gets Bullets.
            </summary>
        </member>
        <member name="P:MoneyHeist.Model.IGameModel.Professor">
            <summary>
            Gets or sets Professor.
            </summary>
        </member>
        <member name="P:MoneyHeist.Model.IGameModel.Time">
            <summary>
            Gets or sets Time.
            </summary>
        </member>
        <member name="P:MoneyHeist.Model.IGameModel.SumMoney">
            <summary>
            Gets or sets sumMoney.
            </summary>
        </member>
        <member name="P:MoneyHeist.Model.IGameModel.SumHealth">
            <summary>
            Gets or sets SumHealth.
            </summary>
        </member>
        <member name="P:MoneyHeist.Model.IGameModel.SumAmmo">
            <summary>
            Gets or sets SumAmmo.
            </summary>
        </member>
        <member name="P:MoneyHeist.Model.IGameModel.Polices">
            <summary>
            Gets Polices.
            </summary>
        </member>
        <member name="P:MoneyHeist.Model.IGameModel.PoliceBullets">
            <summary>
            Gets PoliceBullets.
            </summary>
        </member>
        <member name="P:MoneyHeist.Model.IGameModel.Walls">
            <summary>
            Gets Walls.
            </summary>
        </member>
        <member name="M:MoneyHeist.Model.IGameModel.BulletMaker(System.Double,System.Double)">
            <summary>
            Makes bullets.
            </summary>
            <param name="x">x.</param>
            <param name="y">y.</param>
            <returns>Bullets.</returns>
        </member>
        <member name="M:MoneyHeist.Model.IGameModel.PoliceMaker">
            <summary>
            Makes Polices.
            </summary>
            <returns>Police.</returns>
        </member>
        <member name="M:MoneyHeist.Model.IGameModel.ProfessorMaker">
            <summary>
            Makes professor.
            </summary>
        </member>
        <member name="T:MoneyHeist.Model.MyImage">
            <summary>
            Myimage class.
            </summary>
        </member>
        <member name="P:MoneyHeist.Model.MyImage.Area">
            <summary>
            Gets or sets area.
            </summary>
        </member>
        <member name="P:MoneyHeist.Model.MyImage.BulletIsShotedUp">
            <summary>
            Gets or sets a value indicating whether bulletIsShotedUp.
            </summary>
        </member>
        <member name="P:MoneyHeist.Model.MyImage.BulletIsShotedDown">
            <summary>
            Gets or sets a value indicating whether bulletIsShotedDown.
            </summary>
        </member>
        <member name="P:MoneyHeist.Model.MyImage.BulletIsShotedLeft">
            <summary>
            Gets or sets a value indicating whether bulletIsShotedLeft.
            </summary>
        </member>
        <member name="P:MoneyHeist.Model.MyImage.BulletIsShotedRight">
            <summary>
            Gets or sets a value indicating whether bulletIsShotedRight.
            </summary>
        </member>
        <member name="M:MoneyHeist.Model.MyImage.#ctor(System.Double,System.Double,System.Double,System.Double)">
            <summary>
            Initializes a new instance of the <see cref="T:MoneyHeist.Model.MyImage"/> class.
            </summary>
            <param name="x">x.</param>
            <param name="y">y.</param>
            <param name="w">widht.</param>
            <param name="h">height.</param>
        </member>
        <member name="M:MoneyHeist.Model.MyImage.ChangeX(System.Double)">
            <summary>
            Change x.
            </summary>
            <param name="diff">difference.</param>
        </member>
        <member name="M:MoneyHeist.Model.MyImage.ChangeY(System.Double)">
            <summary>
            Change y.
            </summary>
            <param name="diff">difference.</param>
        </member>
        <member name="T:MoneyHeist.Model.Police">
            <summary>
            Police class.
            </summary>
        </member>
        <member name="P:MoneyHeist.Model.Police.Dx">
            <summary>
            Gets or sets dx.
            </summary>
        </member>
        <member name="P:MoneyHeist.Model.Police.Dy">
            <summary>
            Gets or sets dy.
            </summary>
        </member>
        <member name="P:MoneyHeist.Model.Police.Area">
            <summary>
            Gets area.
            </summary>
        </member>
        <member name="P:MoneyHeist.Model.Police.GetShot">
            <summary>
            Gets or sets a value indicating whether getshot.
            </summary>
        </member>
        <member name="P:MoneyHeist.Model.Police.Bullet">
            <summary>
            Gets or sets bullet.
            </summary>
        </member>
        <member name="M:MoneyHeist.Model.Police.#ctor(System.Double,System.Double,System.Double,System.Double)">
            <summary>
            Initializes a new instance of the <see cref="T:MoneyHeist.Model.Police"/> class.
            </summary>
            <param name="x">x.</param>
            <param name="y">y.</param>
            <param name="w">width.</param>
            <param name="h">height.</param>
        </member>
        <member name="M:MoneyHeist.Model.Police.ChangeX(System.Double)">
            <summary>
            Change x.
            </summary>
            <param name="diff">difference.</param>
        </member>
        <member name="M:MoneyHeist.Model.Police.ChangeY(System.Double)">
            <summary>
            Change y.
            </summary>
            <param name="diff">difference.</param>
        </member>
        <member name="M:MoneyHeist.Model.Police.SetXY(System.Double,System.Double)">
            <summary>
            Set x and y.
            </summary>
            <param name="x">x.</param>
            <param name="y">y.</param>
        </member>
        <member name="T:MoneyHeist.Model.SavedGame">
            <summary>
            Saved game properties.
            </summary>
        </member>
        <member name="P:MoneyHeist.Model.SavedGame.Name">
            <summary>
            Gets or sets the name .
            </summary>
        </member>
        <member name="P:MoneyHeist.Model.SavedGame.Score">
            <summary>
            Gets or sets the Score.
            </summary>
        </member>
        <member name="P:MoneyHeist.Model.SavedGame.Time">
            <summary>
            Gets or sets the Time.
            </summary>
        </member>
        <member name="P:MoneyHeist.Model.SavedGame.Date">
            <summary>
            Gets or sets the Date.
            </summary>
        </member>
    </members>
</doc>
